
-- Inserindo Gerente primeiro para referenciar em FUNCIONARIO
INSERT INTO GERENTE VALUES (100, 'Administracao', 5000.00);


/* Inserindo 10x na tabela CLIENTE */

INSERT INTO CLIENTE VALUES ('11111111111', '11988887777', 'ana.silva@email.com');
INSERT INTO CLIENTE VALUES ('22222222222', '21998887766', 'bruno.costa@email.com');
INSERT INTO CLIENTE VALUES ('33333333333', '21997776655', 'carlos.dias@email.com');
INSERT INTO CLIENTE VALUES ('44444444444', '31977665544', 'daniela.souza@email.com');
INSERT INTO CLIENTE VALUES ('55555555555', '21966554433', 'eduardo.lima@email.com');
INSERT INTO CLIENTE VALUES ('66666666666', '11955443322', 'fernanda.alves@email.com');
INSERT INTO CLIENTE VALUES ('77777777777', '21944332211', 'gabriel.torres@email.com');
INSERT INTO CLIENTE VALUES ('88888888888', '21933221100', 'helena.martins@email.com');
INSERT INTO CLIENTE VALUES ('99999999999', '21922110099', 'igor.ferreira@email.com');
INSERT INTO CLIENTE VALUES ('10101010101', '21911009988', 'julia.rocha@email.com');


/* Inserindo 10x na tabela FUNCIONARIO */

INSERT INTO FUNCIONARIO VALUES (1, 'Recepcao', 2500.00, 100);
INSERT INTO FUNCIONARIO VALUES (2, 'Cozinha', 2200.00, 100);
INSERT INTO FUNCIONARIO VALUES (3, 'Servicos', 2800.00, 100);
INSERT INTO FUNCIONARIO VALUES (4, 'Servicos', 2100.00, 100);
INSERT INTO FUNCIONARIO VALUES (5, 'Recepcao', 2600.00, 100);
INSERT INTO FUNCIONARIO VALUES (6, 'Servicos', 2000.00, 100);
INSERT INTO FUNCIONARIO VALUES (7, 'Seguranca', 3000.00, 100);
INSERT INTO FUNCIONARIO VALUES (8, 'Cozinha', 2200.00, 100);
INSERT INTO FUNCIONARIO VALUES (9, 'Servicos', 2000.00, 100);
INSERT INTO FUNCIONARIO VALUES (10, 'Recepcao', 2500.00, 100);


/* Inserindo 10x na tabela QUARTO */

INSERT INTO QUARTO VALUES (101, 'Padrão');
INSERT INTO QUARTO VALUES (102, 'Padrão');
INSERT INTO QUARTO VALUES (103, 'Luxo');
INSERT INTO QUARTO VALUES (104, 'Luxo');
INSERT INTO QUARTO VALUES (105, 'Master');
INSERT INTO QUARTO VALUES (201, 'Padrão');
INSERT INTO QUARTO VALUES (202, 'Padrão');
INSERT INTO QUARTO VALUES (203, 'Luxo');
INSERT INTO QUARTO VALUES (204, 'Master');
INSERT INTO QUARTO VALUES (301, 'Presidencial');

/* Inserindo 10x na tabela SERVICO */

INSERT INTO SERVICO VALUES ('Lavanderia', 50.00);
INSERT INTO SERVICO VALUES ('Café da Manhã', 30.00);
INSERT INTO SERVICO VALUES ('Almoço', 60.00);
INSERT INTO SERVICO VALUES ('Jantar', 70.00);
INSERT INTO SERVICO VALUES ('Spa', 150.00);
INSERT INTO SERVICO VALUES ('Piscina Aquecida', 40.00);
INSERT INTO SERVICO VALUES ('Academia', 20.00);
INSERT INTO SERVICO VALUES ('Translado', 80.00);
INSERT INTO SERVICO VALUES ('Frigobar', 25.00);
INSERT INTO SERVICO VALUES ('Bar da Piscina', 35.00);

/* Inserindo 10x na tabela RESERVA */

INSERT INTO RESERVA VALUES (1, '2025-01-10 00:00:00', '2025-01-15 10:00:00', '2025-01-15 10:00:00', '11111111111', 101);
INSERT INTO RESERVA VALUES (2, '2025-02-02 00:00:00', '2025-02-05 12:00:00', '2025-02-05 12:00:00', '22222222222', 103);
INSERT INTO RESERVA VALUES (3, '2025-03-01 00:00:00', '2025-03-10 09:30:00', '2025-03-10 09:30:00', '33333333333', 105);
INSERT INTO RESERVA VALUES (4, '2025-03-20 00:00:00', '2025-03-22 16:20:00', '2025-03-22 16:20:00', '44444444444', 102);
INSERT INTO RESERVA VALUES (5, '2025-04-01 00:00:00', '2025-04-07 14:00:00', '2025-04-07 14:00:00', '55555555555', 104);
INSERT INTO RESERVA VALUES (6, '2025-04-15 00:00:00', '2025-04-17 11:15:00', '2025-04-17 11:15:00', '66666666666', 201);
INSERT INTO RESERVA VALUES (7, '2025-05-02 00:00:00', '2025-05-05 10:50:00', '2025-05-05 10:50:00', '77777777777', 203);
INSERT INTO RESERVA VALUES (8, '2025-05-15 00:00:00', '2025-05-20 18:30:00', '2025-05-20 18:30:00', '88888888888', 204);
INSERT INTO RESERVA VALUES (9, '2025-06-01 00:00:00', '2025-06-03 15:00:00', '2025-06-03 15:00:00', '99999999999', 301);
INSERT INTO RESERVA VALUES (10, '2025-06-10 00:00:00', '2025-06-14 13:00:00', '2025-06-14 13:00:00', '10101010101', 202);

/* Inserindo nas tabelas EXECUTA e RECEBE */

INSERT INTO EXECUTA VALUES (1, 'Lavanderia');
INSERT INTO EXECUTA VALUES (1, 'Café da Manhã');
INSERT INTO EXECUTA VALUES (2, 'Jantar');
INSERT INTO EXECUTA VALUES (3, 'Spa');
INSERT INTO EXECUTA VALUES (4, 'Frigobar');
INSERT INTO EXECUTA VALUES (5, 'Academia');
INSERT INTO EXECUTA VALUES (6, 'Piscina Aquecida');
INSERT INTO EXECUTA VALUES (7, 'Translado');
INSERT INTO EXECUTA VALUES (8, 'Almoço');
INSERT INTO EXECUTA VALUES (9, 'Bar da Piscina');

INSERT INTO RECEBE VALUES (1, 'Lavanderia');
INSERT INTO RECEBE VALUES (1, 'Café da Manhã');
INSERT INTO RECEBE VALUES (2, 'Jantar');
INSERT INTO RECEBE VALUES (3, 'Spa');
INSERT INTO RECEBE VALUES (4, 'Almoço');
INSERT INTO RECEBE VALUES (5, 'Café da Manhã');
INSERT INTO RECEBE VALUES (6, 'Translado');
INSERT INTO RECEBE VALUES (7, 'Piscina Aquecida');
INSERT INTO RECEBE VALUES (8, 'Frigobar');
INSERT INTO RECEBE VALUES (9, 'Bar da Piscina');

/* Inserindo 10x na tabela PAGAMENTO */

INSERT INTO PAGAMENTO VALUES ('2025-01-15 10:00:00', 1000.00, 'Cartão', 1);
INSERT INTO PAGAMENTO VALUES ('2025-02-05 12:00:00', 800.00, 'Pix', 2);
INSERT INTO PAGAMENTO VALUES ('2025-03-10 09:30:00', 2300.00, 'Cartão', 3);
INSERT INTO PAGAMENTO VALUES ('2025-03-22 16:20:00', 450.00, 'Dinheiro', 4);
INSERT INTO PAGAMENTO VALUES ('2025-04-07 14:00:00', 1500.00, 'Pix', 5);
INSERT INTO PAGAMENTO VALUES ('2025-04-17 11:15:00', 600.00, 'Cartão', 6);
INSERT INTO PAGAMENTO VALUES ('2025-05-05 10:50:00', 900.00, 'Dinheiro', 7);
INSERT INTO PAGAMENTO VALUES ('2025-05-20 18:30:00', 2100.00, 'Cartão', 8);
INSERT INTO PAGAMENTO VALUES ('2025-06-03 15:00:00', 3200.00, 'Pix', 9);
INSERT INTO PAGAMENTO VALUES ('2025-06-14 13:00:00', 780.00, 'Dinheiro', 10);

-- Comando para desativar o Safe Update Mode 
SET SQL_SAFE_UPDATES = 0;

-- 1. Atualização: Mudar o TELEFONE de um cliente específico (CPF 11111111111)
UPDATE CLIENTE
SET TELEFONE = '11999998888'
WHERE CPF = '11111111111';

-- 2. Atualização: Aumentar o SALARIO em 10% para todos os funcionários do departamento 'Recepcao'
UPDATE FUNCIONARIO
SET SALARIO = SALARIO * 1.10
WHERE DEPARTAMENTO = 'Recepcao';

-- 3. Atualização: Corrigir o VALOR de um pagamento que foi feito com 'Dinheiro' na reserva 4
UPDATE PAGAMENTO
SET VALOR = 500.00
WHERE FORMA = 'Dinheiro' AND ID_RESERVA = 4;

-- 1. Remoção: Excluir serviços cujo VALOR seja menor que R$ 30,00

-- A. Deletar referências em tabelas filhas
DELETE FROM EXECUTA
WHERE TIPO_SERVICO IN (SELECT TIPO FROM SERVICO WHERE VALOR < 30.00);

DELETE FROM RECEBE
WHERE TIPO_SERVICO IN (SELECT TIPO FROM SERVICO WHERE VALOR < 30.00);

-- B. Deletar o serviço na tabela pai
DELETE FROM SERVICO
WHERE VALOR < 30.00;

-- 2. Remoção: Excluir o quarto com NUMERO 301

-- A. Deletar as referências nas tabelas filhas (PAGAMENTO e RECEBE)
DELETE FROM PAGAMENTO
WHERE ID_RESERVA IN (SELECT ID_RESERVA FROM RESERVA WHERE NUMERO_QUARTO = 301);

DELETE FROM RECEBE
WHERE ID_RESERVA IN (SELECT ID_RESERVA FROM RESERVA WHERE NUMERO_QUARTO = 301);

-- B. Deletar a RESERVA (tabela pai para pagamento/recebe)
DELETE FROM RESERVA
WHERE NUMERO_QUARTO = 301;

-- C. Deletar o QUARTO (após remover todas as referências)
DELETE FROM QUARTO
WHERE NUMERO = 301;

-- Mudar o TIPO de quarto para 'Premium' para todos os quartos
-- que foram incluídos em reservas feitas depois de 2025-05-01.

UPDATE QUARTO AS Q
JOIN RESERVA AS R ON Q.NUMERO = R.NUMERO_QUARTO
SET Q.TIPO = 'Premium'
WHERE R.DATA > '2025-05-01 00:00:00';

-- Reativar o Safe Update Mode 
SET SQL_SAFE_UPDATES = 1;